date,value
2020-01-01 00:00:00,-0.08839069977514263
2020-01-01 01:00:00,0.058466858057909826
2020-01-01 02:00:00,-0.019896458534804318
2020-01-01 03:00:00,0.2767376981942047
2020-01-01 04:00:00,0.14160836093456225
2020-01-01 05:00:00,-0.10272577616209047
2020-01-01 06:00:00,0.3181832844122898
2020-01-01 07:00:00,0.23282707994463814
2020-01-01 08:00:00,0.17941664717480443
2020-01-01 09:00:00,0.33885477463122127
2020-01-01 10:00:00,0.17814928330603017
2020-01-01 11:00:00,0.541532153187684
2020-01-01 12:00:00,0.39636668301844546
2020-01-01 13:00:00,0.36460965454694205
2020-01-01 14:00:00,0.44582935357156195
2020-01-01 15:00:00,0.4835536787993563
2020-01-01 16:00:00,0.41490278146007825
2020-01-01 17:00:00,0.6803749880874715
2020-01-01 18:00:00,0.36076589684614113
2020-01-01 19:00:00,0.37407539734230333
2020-01-01 20:00:00,0.6639855799095965
2020-01-01 21:00:00,0.5543414396669057
2020-01-01 22:00:00,0.8246934792145856
2020-01-01 23:00:00,0.7910821066761723
2020-01-02 00:00:00,0.5952984247760154
2020-01-02 01:00:00,0.5866487229111121
2020-01-02 02:00:00,0.5835797684502693
2020-01-02 03:00:00,0.6051207335925257
2020-01-02 04:00:00,0.8351840600718256
2020-01-02 05:00:00,0.6656416867080088
2020-01-02 06:00:00,0.8139640130635813
2020-01-02 07:00:00,0.9175199254295263
2020-01-02 08:00:00,0.8953720559807388
2020-01-02 09:00:00,0.9000033613758043
2020-01-02 10:00:00,0.8498388054286664
2020-01-02 11:00:00,0.9212128364858686
2020-01-02 12:00:00,0.9787433252891967
2020-01-02 13:00:00,0.91112916139898
2020-01-02 14:00:00,0.9272066443373035
2020-01-02 15:00:00,0.9690689886740664
2020-01-02 16:00:00,0.9095833796689234
2020-01-02 17:00:00,0.8646747062889764
2020-01-02 18:00:00,1.039200475986004
2020-01-02 19:00:00,1.041599287928411
2020-01-02 20:00:00,1.1614931829036845
2020-01-02 21:00:00,1.1046969491997123
2020-01-02 22:00:00,1.076447440904986
2020-01-02 23:00:00,0.840858005275344
2020-01-03 00:00:00,1.1043741364714537
2020-01-03 01:00:00,0.9915552545722143
2020-01-03 02:00:00,1.066343250446832
2020-01-03 03:00:00,0.9503031743571482
2020-01-03 04:00:00,1.1671567309252442
2020-01-03 05:00:00,1.0573418322648418
2020-01-03 06:00:00,1.0938865355152456
2020-01-03 07:00:00,0.862635272097173
2020-01-03 08:00:00,1.184432986979198
2020-01-03 09:00:00,0.9909162917638088
2020-01-03 10:00:00,0.8172965455442358
2020-01-03 11:00:00,1.0328959320885296
2020-01-03 12:00:00,0.8842196567696026
2020-01-03 13:00:00,0.8251854753075698
2020-01-03 14:00:00,0.840997387367857
2020-01-03 15:00:00,0.8461739710098587
2020-01-03 16:00:00,0.8721005089620256
2020-01-03 17:00:00,0.9308536820991675
2020-01-03 18:00:00,0.8165341562515487
2020-01-03 19:00:00,0.811557812210168
2020-01-03 20:00:00,0.8952386746358425
2020-01-03 21:00:00,0.6391932244443503
2020-01-03 22:00:00,0.6818628924886134
2020-01-03 23:00:00,0.640408234637493
2020-01-04 00:00:00,0.5754501476354877
2020-01-04 01:00:00,0.6947087769451501
2020-01-04 02:00:00,0.7626137672890733
2020-01-04 03:00:00,0.6710372471727145
2020-01-04 04:00:00,0.5814526407828459
2020-01-04 05:00:00,0.7549082635975943
2020-01-04 06:00:00,0.7027239117626667
2020-01-04 07:00:00,0.7018163643752003
2020-01-04 08:00:00,0.6529466703668036
2020-01-04 09:00:00,0.4485081505462549
2020-01-04 10:00:00,0.7126825418016365
2020-01-04 11:00:00,0.2767035466972554
2020-01-04 12:00:00,0.5940441326793968
2020-01-04 13:00:00,0.5118124869964379
2020-01-04 14:00:00,0.46693068393398446
2020-01-04 15:00:00,0.6082401383193403
2020-01-04 16:00:00,0.2229480700315273
2020-01-04 17:00:00,0.18795692683386636
2020-01-04 18:00:00,0.42179205426995825
2020-01-04 19:00:00,0.3043425834861718
2020-01-04 20:00:00,0.22513800753961682
2020-01-04 21:00:00,0.2629124865749838
2020-01-04 22:00:00,0.1660221566466403
2020-01-04 23:00:00,0.16985475492708743
2020-01-05 00:00:00,0.1158084598144116
2020-01-05 01:00:00,0.20104802413698974
2020-01-05 02:00:00,0.09900593767009286
2020-01-05 03:00:00,-0.052849562205070255
2020-01-05 04:00:00,-0.014283946615530084
2020-01-05 05:00:00,-0.0607145973103889
2020-01-05 06:00:00,-0.2635174974010838
2020-01-05 07:00:00,-0.06681382686444484
2020-01-05 08:00:00,-0.130733371708087
2020-01-05 09:00:00,-0.0773539614492339
2020-01-05 10:00:00,-0.03149490440566263
2020-01-05 11:00:00,-0.0492136816658566
2020-01-05 12:00:00,-0.2145651586595715
2020-01-05 13:00:00,-0.3281833793631946
2020-01-05 14:00:00,-0.2776907254495349
2020-01-05 15:00:00,-0.5214870087579572
2020-01-05 16:00:00,-0.20918751115771755
2020-01-05 17:00:00,-0.4493230121000681
2020-01-05 18:00:00,-0.31671615221888155
2020-01-05 19:00:00,-0.3837902477114366
2020-01-05 20:00:00,-0.555289036120824
2020-01-05 21:00:00,-0.5916202226002925
2020-01-05 22:00:00,-0.5894542365603851
2020-01-05 23:00:00,-0.43421710727717483
2020-01-06 00:00:00,-0.6849300451691842
2020-01-06 01:00:00,-0.4217439819576092
2020-01-06 02:00:00,-0.6537398646358126
2020-01-06 03:00:00,-0.5928152351805779
2020-01-06 04:00:00,-0.5875250533316478
2020-01-06 05:00:00,-0.871963065725117
2020-01-06 06:00:00,-0.5550504309611515
2020-01-06 07:00:00,-0.8181791046429725
2020-01-06 08:00:00,-0.8646101171791594
2020-01-06 09:00:00,-0.6812201506614786
2020-01-06 10:00:00,-0.7014547523625128
2020-01-06 11:00:00,-0.8868524942659659
2020-01-06 12:00:00,-0.7287211107730357
2020-01-06 13:00:00,-0.7964194729530862
2020-01-06 14:00:00,-0.7078972970941433
2020-01-06 15:00:00,-0.9683769648967722
2020-01-06 16:00:00,-1.1051388513538656
2020-01-06 17:00:00,-0.8661356529186709
2020-01-06 18:00:00,-1.006458631609981
2020-01-06 19:00:00,-0.9155014982213886
2020-01-06 20:00:00,-1.0270012859379576
2020-01-06 21:00:00,-0.9989034462710297
2020-01-06 22:00:00,-1.0514265787730317
2020-01-06 23:00:00,-0.9692127213432736
2020-01-07 00:00:00,-1.0275860864482225
2020-01-07 01:00:00,-0.7675590211386883
2020-01-07 02:00:00,-1.0367608298511024
2020-01-07 03:00:00,-0.8910824570619083
2020-01-07 04:00:00,-1.066925141846721
2020-01-07 05:00:00,-1.0000359763988085
2020-01-07 06:00:00,-0.9991131965312906
2020-01-07 07:00:00,-1.0711480863096337
2020-01-07 08:00:00,-0.9375603581364339
2020-01-07 09:00:00,-0.9895204285832203
2020-01-07 10:00:00,-0.9853362379735172
2020-01-07 11:00:00,-0.9007560292997704
2020-01-07 12:00:00,-1.0458015773182752
2020-01-07 13:00:00,-0.9702249200603779
2020-01-07 14:00:00,-1.0133316999245972
2020-01-07 15:00:00,-0.9780150543307871
2020-01-07 16:00:00,-1.0546766273903936
2020-01-07 17:00:00,-1.0608537760173933
2020-01-07 18:00:00,-0.8622775404351952
2020-01-07 19:00:00,-1.0655323606579101
2020-01-07 20:00:00,-1.1358413578647155
2020-01-07 21:00:00,-0.7729682144368938
2020-01-07 22:00:00,-0.8549016916647612
2020-01-07 23:00:00,-0.8984400662854654
2020-01-08 00:00:00,-0.7954728029994773
2020-01-08 01:00:00,-0.803534129655081
2020-01-08 02:00:00,-0.5149514727932658
2020-01-08 03:00:00,-0.6753773280593197
2020-01-08 04:00:00,-0.8787201124989226
2020-01-08 05:00:00,-0.7398826859682864
2020-01-08 06:00:00,-0.6765780351293911
2020-01-08 07:00:00,-0.6034399101645056
2020-01-08 08:00:00,-0.611640610718046
2020-01-08 09:00:00,-0.5540984686074125
2020-01-08 10:00:00,-0.6983864450519229
2020-01-08 11:00:00,-0.4350434451142899
2020-01-08 12:00:00,-0.5674630899899373
2020-01-08 13:00:00,-0.4793163263175457
2020-01-08 14:00:00,-0.582213801844018
2020-01-08 15:00:00,-0.40333193202808826
2020-01-08 16:00:00,-0.43998825824387744
2020-01-08 17:00:00,-0.3843411113385058
2020-01-08 18:00:00,-0.5892297335247677
2020-01-08 19:00:00,-0.41227759317703216
2020-01-08 20:00:00,-0.3046586316749302
2020-01-08 21:00:00,-0.22218003893850552
2020-01-08 22:00:00,-0.2587194786060137
2020-01-08 23:00:00,-0.43288173254206097
2020-01-09 00:00:00,-0.1943046267524472
2020-01-09 01:00:00,-0.198399150034597
2020-01-09 02:00:00,-0.1446829764957493
2020-01-09 03:00:00,-0.19315980013735592
2020-01-09 04:00:00,-0.15569625574084348
2020-01-09 05:00:00,-0.014149985820067462
2020-01-09 06:00:00,-0.07556197584023572
2020-01-09 07:00:00,-0.0383156323283491
2020-01-09 08:00:00,-0.05111524962323907
2020-01-09 09:00:00,-0.09093898312573175
2020-01-09 10:00:00,0.006506942609850214
2020-01-09 11:00:00,0.139720399359559
2020-01-09 12:00:00,0.3120645395783907
2020-01-09 13:00:00,0.08676607204323636
2020-01-09 14:00:00,0.2545754387804543
2020-01-09 15:00:00,0.17447636488366924
2020-01-09 16:00:00,0.28639859333843676
2020-01-09 17:00:00,0.24805089791168422
2020-01-09 18:00:00,0.4798140100548354
2020-01-09 19:00:00,0.31244554410444847
2020-01-09 20:00:00,0.1802214361542232
2020-01-09 21:00:00,0.5191170759178843
2020-01-09 22:00:00,0.6019831182261342
2020-01-09 23:00:00,0.44233484868015127
2020-01-10 00:00:00,0.507199091100247
2020-01-10 01:00:00,0.5281275773712301
2020-01-10 02:00:00,0.5346727778758643
2020-01-10 03:00:00,0.7145579011381374
2020-01-10 04:00:00,0.371887330799446
2020-01-10 05:00:00,0.6940898389180157
2020-01-10 06:00:00,0.6701873968726755
2020-01-10 07:00:00,0.8092697521105471
2020-01-10 08:00:00,0.7070975952851718
2020-01-10 09:00:00,0.5841700366436228
2020-01-10 10:00:00,0.7056683315851902
2020-01-10 11:00:00,0.8025545598965078
2020-01-10 12:00:00,0.7415201560307196
2020-01-10 13:00:00,0.8712547543996321
2020-01-10 14:00:00,0.8070504774415124
2020-01-10 15:00:00,0.8489169205289456
2020-01-10 16:00:00,0.8554776726918185
2020-01-10 17:00:00,0.865012484990644
2020-01-10 18:00:00,1.0084834206697675
2020-01-10 19:00:00,0.8133206572339264
2020-01-10 20:00:00,0.9537475750222866
2020-01-10 21:00:00,0.983326292865686
2020-01-10 22:00:00,1.0838045750369878
2020-01-10 23:00:00,0.8854136937013132
2020-01-11 00:00:00,0.8264589509524273
2020-01-11 01:00:00,1.0484203673882406
2020-01-11 02:00:00,1.0277768171508324
2020-01-11 03:00:00,1.0499140359469061
2020-01-11 04:00:00,0.9956798872024457
2020-01-11 05:00:00,1.0642759497621803
2020-01-11 06:00:00,1.0158906875118843
2020-01-11 07:00:00,0.952730529752263
2020-01-11 08:00:00,0.9971723902746794
2020-01-11 09:00:00,1.0107142885496954
2020-01-11 10:00:00,1.0064507988278377
2020-01-11 11:00:00,1.0834406096174252
2020-01-11 12:00:00,1.1673366923974955
2020-01-11 13:00:00,1.004270812779255
2020-01-11 14:00:00,0.9212520068642376
2020-01-11 15:00:00,0.8960592345341243
2020-01-11 16:00:00,0.8726386076387617
2020-01-11 17:00:00,0.899092715983881
2020-01-11 18:00:00,0.9000751635528792
2020-01-11 19:00:00,0.8419537370747223
2020-01-11 20:00:00,0.9082374500510241
2020-01-11 21:00:00,1.0572196740463315
2020-01-11 22:00:00,0.8642629289408454
2020-01-11 23:00:00,0.9699686766642752
2020-01-12 00:00:00,0.9755129389354483
2020-01-12 01:00:00,1.0170331777487756
2020-01-12 02:00:00,0.8393767991631154
2020-01-12 03:00:00,0.8792376484052422
2020-01-12 04:00:00,0.6076891035865896
2020-01-12 05:00:00,0.8839010144686166
2020-01-12 06:00:00,0.7364694592963235
2020-01-12 07:00:00,0.7055050579999107
2020-01-12 08:00:00,0.6494949498880616
2020-01-12 09:00:00,0.8956808783281929
2020-01-12 10:00:00,0.8861255695529144
2020-01-12 11:00:00,0.7796833920957031
2020-01-12 12:00:00,0.6665115814080284
2020-01-12 13:00:00,0.5253714861594045
2020-01-12 14:00:00,0.6733137586007677
2020-01-12 15:00:00,0.5777717118645455
2020-01-12 16:00:00,0.6057778720475638
2020-01-12 17:00:00,0.5640370130903015
2020-01-12 18:00:00,0.5670530667925683
2020-01-12 19:00:00,0.5121232284362865
2020-01-12 20:00:00,0.568425205870208
2020-01-12 21:00:00,0.33212042947240983
2020-01-12 22:00:00,0.45999274726515965
2020-01-12 23:00:00,0.3140297388890711
2020-01-13 00:00:00,0.4736739746966198
2020-01-13 01:00:00,0.35471656236831667
2020-01-13 02:00:00,0.26044312974642037
2020-01-13 03:00:00,0.29550985038100397
2020-01-13 04:00:00,0.22886255838513603
2020-01-13 05:00:00,0.07342376656164196
2020-01-13 06:00:00,0.07415838107917196
2020-01-13 07:00:00,0.23015149844696137
2020-01-13 08:00:00,0.20067370623823966
2020-01-13 09:00:00,-0.0499065749982078
2020-01-13 10:00:00,-0.03141024337074103
2020-01-13 11:00:00,0.10784457144100479
2020-01-13 12:00:00,-0.1200094210156172
2020-01-13 13:00:00,-0.326112487335786
2020-01-13 14:00:00,-0.1531268086477275
2020-01-13 15:00:00,0.14900575211251493
2020-01-13 16:00:00,-0.21213220710716094
2020-01-13 17:00:00,-0.2355671400786653
2020-01-13 18:00:00,-0.2072309931097723
2020-01-13 19:00:00,-0.318384760367463
2020-01-13 20:00:00,-0.42864711519180254
2020-01-13 21:00:00,-0.4110761722682063
2020-01-13 22:00:00,-0.3768428354534748
2020-01-13 23:00:00,-0.34855310345692647
2020-01-14 00:00:00,-0.3564700742652427
2020-01-14 01:00:00,-0.47021582636970616
2020-01-14 02:00:00,-0.26765338746215395
2020-01-14 03:00:00,-0.41224219673994356
2020-01-14 04:00:00,-0.5548008186331806
2020-01-14 05:00:00,-0.4727412779951062
2020-01-14 06:00:00,-0.6021886228940968
2020-01-14 07:00:00,-0.5502060523092767
2020-01-14 08:00:00,-0.7042268902130363
2020-01-14 09:00:00,-0.5132640506959071
2020-01-14 10:00:00,-0.7583457845146128
2020-01-14 11:00:00,-0.5147005635137272
2020-01-14 12:00:00,-0.7254923031188852
2020-01-14 13:00:00,-0.7009941647855368
2020-01-14 14:00:00,-0.6610284849470864
2020-01-14 15:00:00,-0.699216507383085
2020-01-14 16:00:00,-0.807485100325114
2020-01-14 17:00:00,-0.8316452888257638
2020-01-14 18:00:00,-0.7286733889917031
2020-01-14 19:00:00,-0.958107013951618
2020-01-14 20:00:00,-1.0631749454876316
2020-01-14 21:00:00,-0.9244558133681624
2020-01-14 22:00:00,-0.9721030348418713
2020-01-14 23:00:00,-0.9184793450118319
2020-01-15 00:00:00,-0.855078721952035
2020-01-15 01:00:00,-0.8625846766661487
2020-01-15 02:00:00,-0.9602748611157615
2020-01-15 03:00:00,-0.9766880819211435
2020-01-15 04:00:00,-0.9532205467806532
2020-01-15 05:00:00,-0.9332452101802896
2020-01-15 06:00:00,-0.9973065988942377
2020-01-15 07:00:00,-0.8765387020935973
2020-01-15 08:00:00,-1.0670469765369512
2020-01-15 09:00:00,-0.9522512385162103
2020-01-15 10:00:00,-0.929715868052492
2020-01-15 11:00:00,-1.131834603812404
2020-01-15 12:00:00,-0.88680841325198
2020-01-15 13:00:00,-0.8168352076956362
2020-01-15 14:00:00,-0.9328505910278924
2020-01-15 15:00:00,-1.1279662841783509
2020-01-15 16:00:00,-1.0666242292917731
2020-01-15 17:00:00,-0.8346409490886594
2020-01-15 18:00:00,-0.9683288391614545
2020-01-15 19:00:00,-0.9599542529017139
2020-01-15 20:00:00,-1.021766092543204
2020-01-15 21:00:00,-0.9710879374831984
2020-01-15 22:00:00,-1.0896176268099222
2020-01-15 23:00:00,-1.0971558766838214
2020-01-16 00:00:00,-0.86351984676439
2020-01-16 01:00:00,-0.8430143331862173
2020-01-16 02:00:00,-1.0973713339281657
2020-01-16 03:00:00,-0.8854616863597959
2020-01-16 04:00:00,-0.9629070348840885
2020-01-16 05:00:00,-0.9987996654434756
2020-01-16 06:00:00,-0.7840440074058848
2020-01-16 07:00:00,-0.9710256959021826
2020-01-16 08:00:00,-0.6726735194399746
2020-01-16 09:00:00,-0.8418363149884728
2020-01-16 10:00:00,-0.8697290146347322
2020-01-16 11:00:00,-0.8589172429726967
2020-01-16 12:00:00,-0.62321750789287
2020-01-16 13:00:00,-0.6600740454603427
2020-01-16 14:00:00,-0.716049582351853
2020-01-16 15:00:00,-0.8230806737641703
2020-01-16 16:00:00,-0.65004044083281
2020-01-16 17:00:00,-0.5104758233149297
2020-01-16 18:00:00,-0.8389715739137154
2020-01-16 19:00:00,-0.38375403033736744
2020-01-16 20:00:00,-0.5359114681510572
2020-01-16 21:00:00,-0.4631644789129826
2020-01-16 22:00:00,-0.37752966583156994
2020-01-16 23:00:00,-0.4426603896893004
2020-01-17 00:00:00,-0.414119218141616
2020-01-17 01:00:00,-0.57321273122931
2020-01-17 02:00:00,-0.613402347071619
2020-01-17 03:00:00,-0.40038111161651185
2020-01-17 04:00:00,-0.4365628276112496
2020-01-17 05:00:00,-0.3928127656039364
2020-01-17 06:00:00,-0.3432689636552251
2020-01-17 07:00:00,-0.3487630761967204
2020-01-17 08:00:00,-0.049845414649521386
2020-01-17 09:00:00,-0.19135442567475602
2020-01-17 10:00:00,-0.05596068581817146
2020-01-17 11:00:00,-0.22559162413753497
2020-01-17 12:00:00,-0.12604777091017344
2020-01-17 13:00:00,-0.14750402668494045
2020-01-17 14:00:00,0.0537725362858369
2020-01-17 15:00:00,-0.12273773866953162
2020-01-17 16:00:00,0.3087541087599474
2020-01-17 17:00:00,-0.002147259776191547
2020-01-17 18:00:00,0.1551429495127915
2020-01-17 19:00:00,-0.04027175333964761
2020-01-17 20:00:00,0.09297297790975922
2020-01-17 21:00:00,0.19562665103048688
2020-01-17 22:00:00,0.052083634317748206
2020-01-17 23:00:00,0.34919502599366636
2020-01-18 00:00:00,0.16460993678182764
2020-01-18 01:00:00,0.2397300749643368
2020-01-18 02:00:00,0.2755703170623925
2020-01-18 03:00:00,0.4290082805273322
2020-01-18 04:00:00,0.3490956513532464
2020-01-18 05:00:00,0.45467203168976966
2020-01-18 06:00:00,0.4054214303266764
2020-01-18 07:00:00,0.45421438580723317
2020-01-18 08:00:00,0.35916022270202597
2020-01-18 09:00:00,0.43680571866198226
2020-01-18 10:00:00,0.47840707543597333
2020-01-18 11:00:00,0.5225913072750206
2020-01-18 12:00:00,0.4731551518235844
2020-01-18 13:00:00,0.5208039136190926
2020-01-18 14:00:00,0.6168263639846421
2020-01-18 15:00:00,0.7216754280083542
2020-01-18 16:00:00,0.6732340720292659
2020-01-18 17:00:00,0.5475511890637028
2020-01-18 18:00:00,0.8471272842530864
2020-01-18 19:00:00,0.8581532021346996
2020-01-18 20:00:00,0.8828848873899234
2020-01-18 21:00:00,0.964383132475231
2020-01-18 22:00:00,0.8893195572810834
2020-01-18 23:00:00,0.976449742744279
2020-01-19 00:00:00,0.8390339281423994
2020-01-19 01:00:00,0.6938811044411717
2020-01-19 02:00:00,0.9135396184960598
2020-01-19 03:00:00,0.9532841343511411
2020-01-19 04:00:00,1.0214134572228577
2020-01-19 05:00:00,0.8527845167398495
2020-01-19 06:00:00,0.8837429913052808
2020-01-19 07:00:00,0.9789004595701616
2020-01-19 08:00:00,0.9751283162991027
2020-01-19 09:00:00,0.8282932386466678
2020-01-19 10:00:00,0.957923994050504
2020-01-19 11:00:00,1.0384527320649712
2020-01-19 12:00:00,0.9291033473676398
2020-01-19 13:00:00,0.9893701213256044
2020-01-19 14:00:00,0.8734536051354479
2020-01-19 15:00:00,1.040521965702416
2020-01-19 16:00:00,0.9033799669271249
2020-01-19 17:00:00,1.142179793134494
2020-01-19 18:00:00,0.9432217479141022
2020-01-19 19:00:00,1.0232514261442147
2020-01-19 20:00:00,0.9713154571263057
2020-01-19 21:00:00,0.9228853978493373
2020-01-19 22:00:00,1.0631687117148645
2020-01-19 23:00:00,0.8107870614542109
2020-01-20 00:00:00,0.9233759432897228
2020-01-20 01:00:00,0.9896537087302141
2020-01-20 02:00:00,0.8678197832541928
2020-01-20 03:00:00,0.899245064220578
2020-01-20 04:00:00,0.8103485255325266
2020-01-20 05:00:00,0.9771561407197884
2020-01-20 06:00:00,0.9313302110793857
2020-01-20 07:00:00,0.8359720279460265
2020-01-20 08:00:00,0.8803879581974596
2020-01-20 09:00:00,0.7405258562083633
2020-01-20 10:00:00,0.8676385773579144
2020-01-20 11:00:00,0.8442147425943326
2020-01-20 12:00:00,0.6867514971096953
2020-01-20 13:00:00,0.8325798754074105
2020-01-20 14:00:00,0.6641766926098707
2020-01-20 15:00:00,0.8623370571150598
2020-01-20 16:00:00,0.7596849983542107
2020-01-20 17:00:00,0.7559948309808066
2020-01-20 18:00:00,0.8440992524493117
2020-01-20 19:00:00,0.7767573021153029
2020-01-20 20:00:00,0.6788262569726956
2020-01-20 21:00:00,0.8397164013687541
2020-01-20 22:00:00,0.568713992856265
2020-01-20 23:00:00,0.5932861125905462
2020-01-21 00:00:00,0.5483130891393158
2020-01-21 01:00:00,0.41273802915420316
2020-01-21 02:00:00,0.39325915465606376
2020-01-21 03:00:00,0.4990384997957629
2020-01-21 04:00:00,0.557286635051744
2020-01-21 05:00:00,0.43955289077275395
2020-01-21 06:00:00,0.4646976175415222
2020-01-21 07:00:00,0.5417375952410832
2020-01-21 08:00:00,0.25175399214546684
2020-01-21 09:00:00,0.30690107522280474
2020-01-21 10:00:00,0.20164940180511207
2020-01-21 11:00:00,0.23091181862071142
2020-01-21 12:00:00,0.04525133437017134
2020-01-21 13:00:00,0.18344114593937588
2020-01-21 14:00:00,0.10758987599432514
2020-01-21 15:00:00,0.21774902578591088
2020-01-21 16:00:00,0.13619863393050108
2020-01-21 17:00:00,0.127307076121967
2020-01-21 18:00:00,0.10852650950083126
2020-01-21 19:00:00,0.1564317628357964
2020-01-21 20:00:00,-0.27746213041847956
2020-01-21 21:00:00,-0.03269203426612244
2020-01-21 22:00:00,-0.020069950275550356
2020-01-21 23:00:00,-0.1866001330686701
2020-01-22 00:00:00,-0.19373177659271787
2020-01-22 01:00:00,0.02748150184222961
2020-01-22 02:00:00,-0.23614101483991326
2020-01-22 03:00:00,-0.13159277878769363
2020-01-22 04:00:00,-0.22600644763564814
2020-01-22 05:00:00,-0.28246778824617486
2020-01-22 06:00:00,-0.4083995568575077
2020-01-22 07:00:00,-0.16722945217315485
2020-01-22 08:00:00,-0.21941802068005814
2020-01-22 09:00:00,-0.49712794738123023
2020-01-22 10:00:00,-0.41881135725502994
2020-01-22 11:00:00,-0.3993523223816888
2020-01-22 12:00:00,-0.3456263660342328
2020-01-22 13:00:00,-0.4345120455416073
2020-01-22 14:00:00,-0.6458297487248925
2020-01-22 15:00:00,-0.5940786144581143
2020-01-22 16:00:00,-0.6114306520675804
2020-01-22 17:00:00,-0.7802101677951556
2020-01-22 18:00:00,-0.7435628112692403
2020-01-22 19:00:00,-0.5543033859074764
2020-01-22 20:00:00,-0.7111659486845768
2020-01-22 21:00:00,-0.6952786637004457
2020-01-22 22:00:00,-0.9146822526170609
2020-01-22 23:00:00,-0.7178969709104575
2020-01-23 00:00:00,-0.8317029825128157
2020-01-23 01:00:00,-0.6953541271748925
2020-01-23 02:00:00,-0.81931844633708
2020-01-23 03:00:00,-0.7109248392020913
2020-01-23 04:00:00,-0.7669095247098904
2020-01-23 05:00:00,-1.0466056542903268
2020-01-23 06:00:00,-0.650444101469472
2020-01-23 07:00:00,-0.8850896520820086
2020-01-23 08:00:00,-0.7534206212573032
2020-01-23 09:00:00,-1.0431069172305807
2020-01-23 10:00:00,-0.9879597318474659
2020-01-23 11:00:00,-0.9288999582610281
2020-01-23 12:00:00,-0.774032157756095
2020-01-23 13:00:00,-1.1201567114674096
2020-01-23 14:00:00,-0.904327172341958
2020-01-23 15:00:00,-0.9783630087502364
2020-01-23 16:00:00,-1.0636825276815303
2020-01-23 17:00:00,-0.9798050756871195
2020-01-23 18:00:00,-0.9985596597263958
2020-01-23 19:00:00,-0.9884162764733746
2020-01-23 20:00:00,-0.8523608579691497
2020-01-23 21:00:00,-1.032933841826138
2020-01-23 22:00:00,-0.9818759803781009
2020-01-23 23:00:00,-1.1193106107369997
2020-01-24 00:00:00,-0.9298898675257288
2020-01-24 01:00:00,-0.9663775480270129
2020-01-24 02:00:00,-1.013313320743414
2020-01-24 03:00:00,-1.0106902929491157
2020-01-24 04:00:00,-0.99092861428448
2020-01-24 05:00:00,-1.0422447967412631
2020-01-24 06:00:00,-0.9126904661289533
2020-01-24 07:00:00,-0.8690595868064833
2020-01-24 08:00:00,-0.8197126731417357
2020-01-24 09:00:00,-0.8596826459936564
2020-01-24 10:00:00,-1.0465168063033472
2020-01-24 11:00:00,-0.9194543510787891
2020-01-24 12:00:00,-0.7717302309469912
2020-01-24 13:00:00,-0.8130492692576758
2020-01-24 14:00:00,-0.91047263701362
2020-01-24 15:00:00,-0.9826612504079033
2020-01-24 16:00:00,-0.8218718625871291
2020-01-24 17:00:00,-0.6098785843627992
2020-01-24 18:00:00,-0.8350622700835887
2020-01-24 19:00:00,-0.7516753874629852
2020-01-24 20:00:00,-0.8675959457903777
2020-01-24 21:00:00,-0.7834523209458731
2020-01-24 22:00:00,-0.6270718893644813
2020-01-24 23:00:00,-0.6481169479166862
2020-01-25 00:00:00,-0.49276847125183765
2020-01-25 01:00:00,-0.7703643077868776
2020-01-25 02:00:00,-0.4974975282577674
2020-01-25 03:00:00,-0.6243036830999118
2020-01-25 04:00:00,-0.595620046518274
2020-01-25 05:00:00,-0.5311250575681907
2020-01-25 06:00:00,-0.5084284399447455
2020-01-25 07:00:00,-0.3981904182766913
2020-01-25 08:00:00,-0.5091620953460344
2020-01-25 09:00:00,-0.49455391125968173
2020-01-25 10:00:00,-0.3948090364008288
2020-01-25 11:00:00,-0.2145898485670728
2020-01-25 12:00:00,-0.32076452093946833
2020-01-25 13:00:00,-0.3577303809431629
2020-01-25 14:00:00,-0.2698565602916825
2020-01-25 15:00:00,-0.43256330400684484
2020-01-25 16:00:00,-0.22674923456820584
2020-01-25 17:00:00,-0.2827146413316841
2020-01-25 18:00:00,0.0020876343847331114
2020-01-25 19:00:00,-0.03327974004475967
2020-01-25 20:00:00,-0.21897489840256287
2020-01-25 21:00:00,0.025151211125701622
2020-01-25 22:00:00,-0.04106809968898305
2020-01-25 23:00:00,-0.04849060625624101
2020-01-26 00:00:00,0.012104804764242775
2020-01-26 01:00:00,0.11382269052950295
2020-01-26 02:00:00,-0.15961266840548105
2020-01-26 03:00:00,0.17916847641100814
2020-01-26 04:00:00,0.10501499205332865
2020-01-26 05:00:00,0.24579750225320354
2020-01-26 06:00:00,0.30099393597924495
2020-01-26 07:00:00,0.3047812655392316
2020-01-26 08:00:00,0.30389833366022523
2020-01-26 09:00:00,0.23281976824045975
2020-01-26 10:00:00,0.32120975402566043
2020-01-26 11:00:00,0.5411549393242904
2020-01-26 12:00:00,0.43101631918975136
2020-01-26 13:00:00,0.38044256272614774
2020-01-26 14:00:00,0.3714441605443841
2020-01-26 15:00:00,0.679309760246126
2020-01-26 16:00:00,0.41350625165949767
2020-01-26 17:00:00,0.5048217023285319
2020-01-26 18:00:00,0.5316573787757835
2020-01-26 19:00:00,0.6897098275081933
2020-01-26 20:00:00,0.637738518453774
2020-01-26 21:00:00,0.620146693832523
2020-01-26 22:00:00,0.6446268178107813
2020-01-26 23:00:00,0.8967387897105119
2020-01-27 00:00:00,0.919734546143911
2020-01-27 01:00:00,0.6697613790084006
2020-01-27 02:00:00,0.7032654836707022
2020-01-27 03:00:00,0.7186357132806076
2020-01-27 04:00:00,0.8733466582605423
2020-01-27 05:00:00,0.6717867864405977
2020-01-27 06:00:00,0.7812759259161566
2020-01-27 07:00:00,0.8297984490429461
2020-01-27 08:00:00,0.8704357655564204
2020-01-27 09:00:00,0.8919376159401032
2020-01-27 10:00:00,0.7916081728192574
2020-01-27 11:00:00,0.918140644138919
2020-01-27 12:00:00,1.0290428392807367
2020-01-27 13:00:00,1.0697601645931405
2020-01-27 14:00:00,1.0165872535531668
2020-01-27 15:00:00,0.9149635778132884
2020-01-27 16:00:00,0.90657121260908
2020-01-27 17:00:00,1.0752772587523514
2020-01-27 18:00:00,1.0097822815257629
2020-01-27 19:00:00,0.8998754093132226
2020-01-27 20:00:00,0.973413524740152
2020-01-27 21:00:00,1.1268939865074727
2020-01-27 22:00:00,0.9028459652959587
2020-01-27 23:00:00,1.18522888829936
2020-01-28 00:00:00,1.1051691813932314
2020-01-28 01:00:00,1.0984060480566051
2020-01-28 02:00:00,1.128861051063235
2020-01-28 03:00:00,1.1163707822378497
2020-01-28 04:00:00,1.0404394991464643
2020-01-28 05:00:00,0.997940422331655
2020-01-28 06:00:00,0.92564713352175
2020-01-28 07:00:00,1.1340073649208429
2020-01-28 08:00:00,0.8526834620165789
2020-01-28 09:00:00,0.9311279158372485
2020-01-28 10:00:00,1.0364442002984195
2020-01-28 11:00:00,0.9690921472935585
2020-01-28 12:00:00,0.8729895446768644
2020-01-28 13:00:00,0.9846211643632672
2020-01-28 14:00:00,0.8834838954004528
2020-01-28 15:00:00,0.8196588486459252
2020-01-28 16:00:00,0.8271894429382801
2020-01-28 17:00:00,0.9001124056117261
2020-01-28 18:00:00,0.8707973069889564
2020-01-28 19:00:00,0.995175717006417
2020-01-28 20:00:00,1.0585139689334
2020-01-28 21:00:00,0.9312406801010549
2020-01-28 22:00:00,0.6887459223869894
2020-01-28 23:00:00,0.9265059543833243
2020-01-29 00:00:00,0.8878010401503953
2020-01-29 01:00:00,0.6738347838855313
2020-01-29 02:00:00,0.7016443751448717
2020-01-29 03:00:00,0.7475008424369245
2020-01-29 04:00:00,0.6374330912513068
2020-01-29 05:00:00,0.6535138753383826
2020-01-29 06:00:00,0.6347112456131064
2020-01-29 07:00:00,0.6529816308460757
2020-01-29 08:00:00,0.5994855815174822
2020-01-29 09:00:00,0.4406204574053845
2020-01-29 10:00:00,0.6261189099125242
2020-01-29 11:00:00,0.6040498001004264
2020-01-29 12:00:00,0.5636216916219654
2020-01-29 13:00:00,0.46242662155456554
2020-01-29 14:00:00,0.23897966605910845
2020-01-29 15:00:00,0.3510033800208781
2020-01-29 16:00:00,0.5054553012658751
2020-01-29 17:00:00,0.14289164938796625
2020-01-29 18:00:00,0.16977600422339414
2020-01-29 19:00:00,0.2487889410356332
2020-01-29 20:00:00,0.22203791402193396
2020-01-29 21:00:00,0.27801433726326297
2020-01-29 22:00:00,0.2346445227650049
2020-01-29 23:00:00,0.17654596397545058
2020-01-30 00:00:00,-0.005647334769434242
2020-01-30 01:00:00,-0.024787972666113378
2020-01-30 02:00:00,0.08788124442781411
2020-01-30 03:00:00,-0.10075005580614316
2020-01-30 04:00:00,-0.0630451699586389
2020-01-30 05:00:00,-0.15455027199950022
2020-01-30 06:00:00,-0.1070197843983273
2020-01-30 07:00:00,-0.07174877084222464
2020-01-30 08:00:00,-0.06820145819838244
2020-01-30 09:00:00,-0.1683080746621098
2020-01-30 10:00:00,-0.21544309458403182
2020-01-30 11:00:00,-0.24699539724038383
2020-01-30 12:00:00,-0.39808387666469175
2020-01-30 13:00:00,-0.3137116911822088
2020-01-30 14:00:00,-0.18225306225574361
2020-01-30 15:00:00,-0.3796517176595617
2020-01-30 16:00:00,-0.4110413699295585
2020-01-30 17:00:00,-0.4865313012104607
2020-01-30 18:00:00,-0.19389193179042336
2020-01-30 19:00:00,-0.738673513142782
2020-01-30 20:00:00,-0.6726643685337838
2020-01-30 21:00:00,-0.5464671612456472
2020-01-30 22:00:00,-0.5686670091061741
2020-01-30 23:00:00,-0.6466593068839606
2020-01-31 00:00:00,-0.6590738690662692
2020-01-31 01:00:00,-0.6214147716826108
2020-01-31 02:00:00,-0.5003634024927563
2020-01-31 03:00:00,-0.49827813116012387
2020-01-31 04:00:00,-0.5048195328906745
2020-01-31 05:00:00,-0.765052943471388
2020-01-31 06:00:00,-0.7794949811169558
2020-01-31 07:00:00,-0.7088709202227554
2020-01-31 08:00:00,-0.863466417934726
2020-01-31 09:00:00,-0.78425899271392
2020-01-31 10:00:00,-0.9335087382320417
2020-01-31 11:00:00,-0.9103905654446443
2020-01-31 12:00:00,-0.8496471782115009
2020-01-31 13:00:00,-0.8609588115773705
2020-01-31 14:00:00,-0.808117153519689
2020-01-31 15:00:00,-0.8647231408883892
2020-01-31 16:00:00,-0.8622605556617307
2020-01-31 17:00:00,-0.7696273407786953
2020-01-31 18:00:00,-0.9393330754636597
2020-01-31 19:00:00,-0.8206133593209193
2020-01-31 20:00:00,-1.0085231079773824
2020-01-31 21:00:00,-0.90097649628688
2020-01-31 22:00:00,-1.0717439198093344
2020-01-31 23:00:00,-0.894261955885004
2020-02-01 00:00:00,-1.1024779236712219
2020-02-01 01:00:00,-0.986014072365924
2020-02-01 02:00:00,-0.9550691465503358
2020-02-01 03:00:00,-0.792427602736973
2020-02-01 04:00:00,-1.1100117063226231
2020-02-01 05:00:00,-1.0718342982140148
2020-02-01 06:00:00,-0.8982634832806273
2020-02-01 07:00:00,-0.9375037249132084
2020-02-01 08:00:00,-0.9353585317457184
2020-02-01 09:00:00,-1.0636208348187473
2020-02-01 10:00:00,-0.8462639639685777
2020-02-01 11:00:00,-1.0108456560296202
2020-02-01 12:00:00,-0.9362130268321966
2020-02-01 13:00:00,-1.003122275448137
2020-02-01 14:00:00,-1.0493167167133701
2020-02-01 15:00:00,-0.7418857708014241
2020-02-01 16:00:00,-0.9697868902449263
2020-02-01 17:00:00,-0.8463899917258202
2020-02-01 18:00:00,-0.9062975492341484
2020-02-01 19:00:00,-0.9625694971623576
2020-02-01 20:00:00,-0.9570892618375095
2020-02-01 21:00:00,-1.0183723540708571
2020-02-01 22:00:00,-0.8449595151888284
2020-02-01 23:00:00,-0.705800520846038
2020-02-02 00:00:00,-0.9163906186597421
2020-02-02 01:00:00,-0.9610272757293696
2020-02-02 02:00:00,-0.8891272214942804
2020-02-02 03:00:00,-0.768168784554219
2020-02-02 04:00:00,-0.791226708742363
2020-02-02 05:00:00,-0.7232311794366955
2020-02-02 06:00:00,-0.7243098014731838
2020-02-02 07:00:00,-0.4982525307228848
2020-02-02 08:00:00,-0.7664616597660249
2020-02-02 09:00:00,-0.6656413968801067
2020-02-02 10:00:00,-0.5603930314554315
2020-02-02 11:00:00,-0.5807285783197873
2020-02-02 12:00:00,-0.38138576722856055
2020-02-02 13:00:00,-0.5804539373356064
2020-02-02 14:00:00,-0.4606974375894756
2020-02-02 15:00:00,-0.5382557939181309
2020-02-02 16:00:00,-0.4379383293697562
2020-02-02 17:00:00,-0.5057812455219968
2020-02-02 18:00:00,-0.34803876009228246
2020-02-02 19:00:00,-0.3602041064795282
2020-02-02 20:00:00,-0.331504428206077
2020-02-02 21:00:00,-0.15376288049370151
2020-02-02 22:00:00,-0.39222177138670605
2020-02-02 23:00:00,-0.3240538404564887
2020-02-03 00:00:00,-0.24310427683073127
2020-02-03 01:00:00,-0.09543708015731468
2020-02-03 02:00:00,-0.19421828061149657
2020-02-03 03:00:00,-0.13088331081418245
2020-02-03 04:00:00,-0.2394917225393262
2020-02-03 05:00:00,-0.13040894460581742
2020-02-03 06:00:00,-0.3103641399315003
2020-02-03 07:00:00,0.12575601363362862
2020-02-03 08:00:00,0.04581297333470915
2020-02-03 09:00:00,-0.027833701707080404
2020-02-03 10:00:00,0.1916318710313417
2020-02-03 11:00:00,0.26673479500071
2020-02-03 12:00:00,0.023749223366617694
2020-02-03 13:00:00,0.3131027895393689
2020-02-03 14:00:00,0.1685946724691408
2020-02-03 15:00:00,0.08400933693401161
2020-02-03 16:00:00,0.3485008218292348
2020-02-03 17:00:00,0.1855214672958329
2020-02-03 18:00:00,0.2710494877157996
2020-02-03 19:00:00,0.39547017223915365
2020-02-03 20:00:00,0.32721621237674486
2020-02-03 21:00:00,0.2801451541407436
2020-02-03 22:00:00,0.4424015316246716
2020-02-03 23:00:00,0.483324204608675
2020-02-04 00:00:00,0.5336235034732861
2020-02-04 01:00:00,0.6565466440807223
2020-02-04 02:00:00,0.5239077469028411
2020-02-04 03:00:00,0.5113271904623915
2020-02-04 04:00:00,0.7705388562107206
2020-02-04 05:00:00,0.593075682423584
2020-02-04 06:00:00,0.6060659409490198
2020-02-04 07:00:00,0.6161651903786314
2020-02-04 08:00:00,0.8401358160097805
2020-02-04 09:00:00,0.5789282547820827
2020-02-04 10:00:00,0.7026633282103812
2020-02-04 11:00:00,0.7528829340722012
2020-02-04 12:00:00,0.8724971795380508
2020-02-04 13:00:00,0.7587494510302852
2020-02-04 14:00:00,0.8570985102559769
2020-02-04 15:00:00,0.8838035793444701
2020-02-04 16:00:00,0.7277986784443566
2020-02-04 17:00:00,0.7221922361776393
2020-02-04 18:00:00,0.7223215299931575
2020-02-04 19:00:00,1.0608178644616264
2020-02-04 20:00:00,0.8461852626675372
2020-02-04 21:00:00,0.8829729637285716
2020-02-04 22:00:00,1.0319418033511416
2020-02-04 23:00:00,0.8761482429980788
2020-02-05 00:00:00,0.9688962262070587
2020-02-05 01:00:00,0.9129790355492379
2020-02-05 02:00:00,0.9682068318887213
2020-02-05 03:00:00,1.003460447839714
2020-02-05 04:00:00,0.9973460422161242
2020-02-05 05:00:00,0.9254873823206059
2020-02-05 06:00:00,0.9842346998585134
2020-02-05 07:00:00,1.1722201365254419
2020-02-05 08:00:00,0.7839121189508246
2020-02-05 09:00:00,0.9914706623350517
2020-02-05 10:00:00,1.1504664558961843
2020-02-05 11:00:00,1.0691504844008175
2020-02-05 12:00:00,0.9048307569121424
2020-02-05 13:00:00,0.9847101929464074
2020-02-05 14:00:00,0.9202754955493928
2020-02-05 15:00:00,0.8335866904364921
2020-02-05 16:00:00,0.8249820766817046
2020-02-05 17:00:00,0.8458430734766089
2020-02-05 18:00:00,0.8884162398500257
2020-02-05 19:00:00,0.7768717917427359
2020-02-05 20:00:00,0.9887085905354549
2020-02-05 21:00:00,0.9555529505179117
2020-02-05 22:00:00,1.0096386987294674
2020-02-05 23:00:00,1.0738304056169476
2020-02-06 00:00:00,0.9206190914070221
2020-02-06 01:00:00,0.8704241917383997
2020-02-06 02:00:00,0.8889769155332061
2020-02-06 03:00:00,0.9752989078796536
2020-02-06 04:00:00,0.989373550005811
2020-02-06 05:00:00,0.6038984731850428
2020-02-06 06:00:00,0.7488509759225728
2020-02-06 07:00:00,0.8596927205450254
2020-02-06 08:00:00,0.8728524858865173
2020-02-06 09:00:00,0.7285659498911025
2020-02-06 10:00:00,0.8569524253607628
2020-02-06 11:00:00,0.6424875676057382
2020-02-06 12:00:00,0.792428066786069
2020-02-06 13:00:00,0.5320011956527946
2020-02-06 14:00:00,0.49699377943705436
2020-02-06 15:00:00,0.6342741739754291
2020-02-06 16:00:00,0.47522258814647983
2020-02-06 17:00:00,0.5868848821140693
2020-02-06 18:00:00,0.485266311426619
2020-02-06 19:00:00,0.4813554294834438
2020-02-06 20:00:00,0.48779568007210766
2020-02-06 21:00:00,0.42623167709414145
2020-02-06 22:00:00,0.5133269473257618
2020-02-06 23:00:00,0.5212080527943498
2020-02-07 00:00:00,0.19063440792170988
2020-02-07 01:00:00,0.3059287232555902
2020-02-07 02:00:00,0.3124890649767439
2020-02-07 03:00:00,0.26125178019817175
2020-02-07 04:00:00,0.17496611330143058
2020-02-07 05:00:00,0.2699953082947273
2020-02-07 06:00:00,0.19534851253560132
2020-02-07 07:00:00,0.11697527783708934
2020-02-07 08:00:00,0.05810125298101543
2020-02-07 09:00:00,0.06557046340573132
2020-02-07 10:00:00,0.11099663044169031
2020-02-07 11:00:00,0.020589972165498363
2020-02-07 12:00:00,-0.11698830249568797
2020-02-07 13:00:00,0.1036919074325352
2020-02-07 14:00:00,-0.1881308797065239
2020-02-07 15:00:00,-0.046167864621691215
2020-02-07 16:00:00,-0.0753940442284248
2020-02-07 17:00:00,-0.316674489826956
2020-02-07 18:00:00,-0.21197126290899326
2020-02-07 19:00:00,-0.23825263547100023
2020-02-07 20:00:00,-0.4334991825302986
2020-02-07 21:00:00,-0.2843937188130234
2020-02-07 22:00:00,-0.4399743072117784
2020-02-07 23:00:00,-0.3291975499829821
2020-02-08 00:00:00,-0.3579409680223511
2020-02-08 01:00:00,-0.3978918154361659
2020-02-08 02:00:00,-0.38567400071607755
2020-02-08 03:00:00,-0.5382638963029861
2020-02-08 04:00:00,-0.5784872251661514
2020-02-08 05:00:00,-0.6706545149448778
2020-02-08 06:00:00,-0.4503171223927468
2020-02-08 07:00:00,-0.5271230212793541
2020-02-08 08:00:00,-0.4912753351757166
2020-02-08 09:00:00,-0.560578802869388
2020-02-08 10:00:00,-0.43605941292568173
2020-02-08 11:00:00,-0.542390217427561
2020-02-08 12:00:00,-0.6600852463377687
2020-02-08 13:00:00,-0.6116386347245482
2020-02-08 14:00:00,-0.8589639185080146
2020-02-08 15:00:00,-0.7715679931065338
2020-02-08 16:00:00,-0.9269797860997121
2020-02-08 17:00:00,-0.8984299555365007
2020-02-08 18:00:00,-0.9787985840598228
2020-02-08 19:00:00,-0.8931719021246527
2020-02-08 20:00:00,-0.8172156198329938
2020-02-08 21:00:00,-0.8778493518067065
2020-02-08 22:00:00,-0.7949578567847466
2020-02-08 23:00:00,-0.7519822660973107
2020-02-09 00:00:00,-0.9529595836039473
2020-02-09 01:00:00,-0.9457551141743344
2020-02-09 02:00:00,-0.7453476128167598
2020-02-09 03:00:00,-0.8390965090588677
2020-02-09 04:00:00,-1.0268968309578836
2020-02-09 05:00:00,-0.8589865621484486
2020-02-09 06:00:00,-1.0554938781925187
2020-02-09 07:00:00,-0.8747534814464883
2020-02-09 08:00:00,-0.9433584916470958
2020-02-09 09:00:00,-1.0466846754855301
2020-02-09 10:00:00,-1.0289416629185313
2020-02-09 11:00:00,-1.1016629838742718
2020-02-09 12:00:00,-0.9609290621883629
2020-02-09 13:00:00,-0.9792100425527294
2020-02-09 14:00:00,-0.9456101710645222
2020-02-09 15:00:00,-1.132574175159531
2020-02-09 16:00:00,-0.9792631785461255
2020-02-09 17:00:00,-0.9635344298793473
2020-02-09 18:00:00,-0.9577380869854484
2020-02-09 19:00:00,-1.01643760393184
2020-02-09 20:00:00,-0.9362479481855954
2020-02-09 21:00:00,-0.8723165330239404
2020-02-09 22:00:00,-1.1700299460020838
2020-02-09 23:00:00,-0.7850439914107189
2020-02-10 00:00:00,-1.1569262943434182
2020-02-10 01:00:00,-1.1051522913027698
2020-02-10 02:00:00,-1.1226744382138658
2020-02-10 03:00:00,-1.0711642027066852
2020-02-10 04:00:00,-0.8432142374403732
2020-02-10 05:00:00,-0.8283199134328095
2020-02-10 06:00:00,-0.9437222776762447
2020-02-10 07:00:00,-0.8386573279392077
2020-02-10 08:00:00,-0.7809614667945969
2020-02-10 09:00:00,-0.7951447786059839
2020-02-10 10:00:00,-0.7212904059086156
2020-02-10 11:00:00,-0.6073250488579869
2020-02-10 12:00:00,-0.8608573430715374
2020-02-10 13:00:00,-0.6380807907824775
2020-02-10 14:00:00,-0.6573274381700477
2020-02-10 15:00:00,-0.6985317613819741
2020-02-10 16:00:00,-0.7329363503580592
2020-02-10 17:00:00,-0.7453508582665073
2020-02-10 18:00:00,-0.5184523458744923
2020-02-10 19:00:00,-0.5302353061541912
2020-02-10 20:00:00,-0.534133807885645
2020-02-10 21:00:00,-0.5787226321760475
2020-02-10 22:00:00,-0.5372635973811564
2020-02-10 23:00:00,-0.32229101480714395
2020-02-11 00:00:00,-0.48929757872869645
2020-02-11 01:00:00,-0.5976176746500627
2020-02-11 02:00:00,-0.45838924672598474
2020-02-11 03:00:00,-0.29294191243251455
2020-02-11 04:00:00,-0.4183697688409597
2020-02-11 05:00:00,-0.3787071465324554
2020-02-11 06:00:00,-0.36342530510398924
2020-02-11 07:00:00,-0.28742364914917007
2020-02-11 08:00:00,-0.43262385151501265
2020-02-11 09:00:00,-0.14354085844063302
2020-02-11 10:00:00,0.04492973187914634
2020-02-11 11:00:00,-0.21959952924697457
2020-02-11 12:00:00,-0.2111595474795249
2020-02-11 13:00:00,0.03203434033969263
2020-02-11 14:00:00,-0.12374361551281307
2020-02-11 15:00:00,-0.1057346131590794
